SET SQL_MODE = "NO_AUTO_VALUE_ON_ZERO";
START TRANSACTION;
SET time_zone = "+00:00";



CREATE TABLE `bookings` (
  `id` int UNSIGNED NOT NULL,
  `user_id` int UNSIGNED DEFAULT NULL,
  `showtime_id` int UNSIGNED DEFAULT NULL,
  `booking_date` timestamp NULL DEFAULT CURRENT_TIMESTAMP,
  `total_amount` decimal(10,2) NOT NULL,
  `payment_status` enum('Pending','Completed','Failed') DEFAULT 'Pending'
) ENGINE=InnoDB DEFAULT CHARSET=utf8mb4 ;

INSERT INTO `bookings` (`id`, `user_id`, `showtime_id`, `booking_date`, `total_amount`, `payment_status`) VALUES
(2, 2, 1, '2025-04-22 17:43:34', 699.00, 'Completed'),
(4, 1, 1, '2025-04-22 17:59:13', 676.00, 'Completed'),
(12, 1, 2, '2025-04-22 23:27:40', 103.50, 'Completed'),
(14, 1, 2, '2025-04-22 23:29:41', 46.00, 'Completed'),
(16, 9, 2, '2025-04-22 23:30:49', 69.00, 'Completed'),
(18, 1, 2, '2025-04-22 23:35:16', 34.50, 'Completed'),
(20, 3, 2, '2025-04-22 23:40:19', 28.34, 'Completed'),
(26, 15, 2, '2025-04-23 12:04:32', 35.42, 'Completed');



CREATE TABLE `booking_coupons` (
  `id` int UNSIGNED NOT NULL,
  `booking_id` int UNSIGNED NOT NULL,
  `coupon_id` int UNSIGNED NOT NULL,
  `discount_amount` decimal(10,2) NOT NULL,
  `created_at` timestamp NULL DEFAULT CURRENT_TIMESTAMP
) ENGINE=InnoDB DEFAULT CHARSET=utf8mb4 ;


INSERT INTO `booking_coupons` (`id`, `booking_id`, `coupon_id`, `discount_amount`, `created_at`) VALUES
(1, 4, 1, 23.00, '2025-04-22 17:59:13'),
(3, 20, 1, 8.46, '2025-04-22 23:40:19'),
(4, 26, 1, 10.58, '2025-04-23 12:04:32');


CREATE TABLE `booking_details` (
  `id` int UNSIGNED NOT NULL,
  `booking_id` int UNSIGNED DEFAULT NULL,
  `seat_id` int UNSIGNED DEFAULT NULL
) ENGINE=InnoDB DEFAULT CHARSET=utf8mb4 ;


INSERT INTO `booking_details` (`id`, `booking_id`, `seat_id`) VALUES
(3, 2, 1),
(4, 2, 2),
(7, 4, 4),
(8, 4, 5),
(22, 12, 85),
(23, 12, 86),
(24, 12, 87),
(27, 14, 118),
(28, 14, 128),
(31, 16, 83),
(32, 16, 93),
(34, 18, 88),
(37, 20, 148),
(38, 20, 158),
(49, 26, 126),
(50, 26, 136);

CREATE TABLE `chat_messages` (
  `id` int UNSIGNED NOT NULL,
  `user_id` int UNSIGNED NOT NULL,
  `message` text NOT NULL,
  `is_from_user` tinyint(1) NOT NULL DEFAULT '1',
  `is_read` tinyint(1) NOT NULL DEFAULT '0',
  `created_at` timestamp NULL DEFAULT CURRENT_TIMESTAMP
) ENGINE=InnoDB DEFAULT CHARSET=utf8mb4 ;



INSERT INTO `chat_messages` (`id`, `user_id`, `message`, `is_from_user`, `is_read`, `created_at`) VALUES
(1, 1, 'Hello! Welcome to Theatre Support. How can we help you today?', 0, 1, '2025-04-22 19:17:57'),
(2, 3, 'sds', 1, 1, '2025-04-22 19:18:00'),
(3, 1, 'Hello! Welcome to Theatre Support. How can we help you today?', 0, 1, '2025-04-22 19:18:01'),
(4, 3, 'sds', 1, 1, '2025-04-22 19:18:03'),
(5, 1, 'Hello! Welcome to Theatre Support. How can we help you today?', 0, 1, '2025-04-22 19:18:27'),
(6, 1, 'Hello! Welcome to Theatre Support. How can we help you today?', 0, 1, '2025-04-22 19:18:29'),
(7, 1, 'Hello! Welcome to Theatre Support. How can we help you today?', 0, 1, '2025-04-22 19:18:31'),
(8, 1, 'Hello! Welcome to Theatre Support. How can we help you today?', 0, 1, '2025-04-22 19:19:04'),
(9, 3, 'sdssds', 1, 1, '2025-04-22 19:19:07'),
(10, 1, 'Hello! Welcome to Theatre Support. How can we help you today?', 0, 1, '2025-04-22 19:19:08'),
(11, 1, 'Hello! Welcome to Theatre Support. How can we help you today?', 0, 1, '2025-04-22 19:20:33'),
(12, 1, 'Hello! Welcome to Theatre Support. How can we help you today?', 0, 1, '2025-04-22 19:22:48'),
(13, 3, 'sds', 1, 1, '2025-04-22 19:22:50'),
(14, 1, 'Hello! Welcome to Theatre Support. How can we help you today?', 0, 1, '2025-04-22 19:25:08'),
(15, 3, 'sds', 0, 1, '2025-04-22 19:30:31'),
(16, 3, 'sds', 0, 1, '2025-04-22 19:30:34'),
(17, 3, 'sds', 0, 1, '2025-04-22 19:30:38'),
(18, 3, 'asasasasasasa', 0, 1, '2025-04-22 19:30:46'),
(19, 3, 'sd', 0, 1, '2025-04-22 19:31:33'),
(20, 1, 'Hello! Welcome to Theatre Support. How can we help you today?', 0, 1, '2025-04-22 19:31:40'),
(21, 3, 'sds', 1, 1, '2025-04-22 19:31:44'),
(22, 1, 'Hello! Welcome to Theatre Support. How can we help you today?', 0, 1, '2025-04-22 19:31:45'),
(23, 1, 'Hello! Welcome to Theatre Support. How can we help you today?', 0, 1, '2025-04-22 19:35:07'),
(24, 1, 'Hello! Welcome to Theatre Support. How can we help you today?', 0, 1, '2025-04-22 19:35:09'),
(25, 3, 'dfd', 0, 1, '2025-04-22 19:35:22'),
(26, 3, 'sds', 0, 1, '2025-04-22 19:35:53'),
(27, 3, 'sds', 0, 1, '2025-04-22 19:36:20'),
(28, 3, 'sds', 0, 1, '2025-04-22 19:36:41'),
(29, 1, 'Hello! Welcome to Theatre Admin Support. How can I help you today?', 0, 1, '2025-04-22 19:37:33'),
(30, 3, 'sds', 1, 1, '2025-04-22 19:37:34'),
(31, 3, 'sds', 0, 1, '2025-04-22 19:37:40'),
(32, 3, 'sdsd', 0, 1, '2025-04-22 19:37:42'),
(33, 3, 'sds', 0, 1, '2025-04-22 19:38:36'),
(34, 3, 'sds', 0, 1, '2025-04-22 19:39:34'),
(35, 1, 'Hello! Welcome to Theatre Admin Support. How can I help you today?', 0, 1, '2025-04-22 19:39:37'),
(36, 1, 'Hello! Welcome to Theatre Admin Support. How can I help you today?', 0, 1, '2025-04-22 19:39:40'),
(37, 3, 'sds', 1, 1, '2025-04-22 19:39:43'),
(38, 1, 'Hello! Welcome to Theatre Admin Support. How can I help you today?', 0, 1, '2025-04-22 19:39:44'),
(39, 3, 'sds', 1, 1, '2025-04-22 19:39:50'),
(40, 1, 'Hello! Welcome to Theatre Admin Support. How can I help you today?', 0, 1, '2025-04-22 19:39:51'),
(41, 3, 'sds', 0, 1, '2025-04-22 19:40:33'),
(42, 1, 'Hello! Welcome to Theatre Admin Support. How can I help you today?', 0, 1, '2025-04-22 19:42:30'),
(43, 3, 'sds', 1, 1, '2025-04-22 19:42:36'),
(44, 1, 'Hello! Welcome to Theatre Admin Support. How can I help you today?', 0, 1, '2025-04-22 19:42:37'),
(45, 3, 'sds', 0, 1, '2025-04-22 19:42:42'),
(46, 3, 'labne', 0, 1, '2025-04-22 19:42:47'),
(47, 1, 'Hello! Welcome to Theatre Admin Support. How can I help you today?', 0, 1, '2025-04-22 19:42:49'),
(48, 1, 'Hello! Welcome to Theatre Admin Support. How can I help you today?', 0, 1, '2025-04-22 19:46:52'),
(49, 3, 'sds', 1, 1, '2025-04-22 19:46:56'),
(50, 1, 'Hello! Welcome to Theatre Admin Support. How can I help you today?', 0, 1, '2025-04-22 19:46:57'),
(51, 3, 'sds', 0, 1, '2025-04-22 19:47:03'),
(52, 1, 'Hello! Welcome to Theatre Admin Support. How can I help you today?', 0, 1, '2025-04-22 19:48:31'),
(53, 3, 'sds', 0, 1, '2025-04-22 19:48:56'),
(54, 3, 'sds', 0, 1, '2025-04-22 19:48:59'),
(55, 1, 'Hello! Welcome to Theatre Admin Support. How can I help you today?', 0, 1, '2025-04-22 19:50:30'),
(56, 3, 'sds', 1, 1, '2025-04-22 19:50:33'),
(57, 1, 'Hello! Welcome to Theatre Admin Support. How can I help you today?', 0, 1, '2025-04-22 19:50:34'),
(58, 3, 'sds', 0, 1, '2025-04-22 19:50:42'),
(59, 3, 'asasasasasa', 0, 1, '2025-04-22 19:50:47'),
(60, 1, 'Hello! Welcome to Theatre Admin Support. How can I help you today?', 0, 1, '2025-04-22 19:50:51'),
(61, 3, 'sds', 0, 1, '2025-04-22 19:51:29'),
(62, 3, 'sds', 0, 1, '2025-04-22 19:52:17'),
(63, 1, 'Hello! Welcome to Theatre Admin Support. How can I help you today?', 0, 1, '2025-04-22 19:54:06'),
(64, 1, 'Hello! Welcome to Theatre Admin Support. How can I help you today?', 0, 1, '2025-04-22 19:54:07'),
(65, 1, 'Hello! Welcome to Theatre Admin Support. How can I help you today?', 0, 1, '2025-04-22 19:54:07'),
(66, 1, 'Hello! Welcome to Theatre Admin Support. How can I help you today?', 0, 1, '2025-04-22 19:54:11'),
(67, 1, 'Hello! Welcome to Theatre Admin Support. How can I help you today?', 0, 1, '2025-04-22 19:54:24'),
(68, 1, 'Hello! Welcome to Theatre Admin Support. How can I help you today?', 0, 1, '2025-04-22 19:54:24'),
(69, 1, 'Hello! Welcome to Theatre Admin Support. How can I help you today?', 0, 1, '2025-04-22 19:54:57'),
(70, 1, 'Hello! Welcome to Theatre Admin Support. How can I help you today?', 0, 1, '2025-04-22 19:54:59'),
(71, 1, 'Hello! Welcome to Theatre Admin Support. How can I help you today?', 0, 1, '2025-04-22 19:55:17'),
(72, 1, 'Hello! Welcome to Theatre Admin Support. How can I help you today?', 0, 1, '2025-04-22 19:55:18'),
(73, 1, 'Hello! Welcome to Theatre Admin Support. How can I help you today?', 0, 1, '2025-04-22 19:55:55'),
(74, 3, 'sds', 1, 1, '2025-04-22 19:55:56'),
(75, 1, 'Hello! Welcome to Theatre Admin Support. How can I help you today?', 0, 1, '2025-04-22 19:55:57'),
(76, 1, 'Hello! Welcome to Theatre Admin Support. How can I help you today?', 0, 1, '2025-04-22 19:56:11'),
(77, 1, 'Hello! Welcome to Theatre Admin Support. How can I help you today?', 0, 1, '2025-04-22 19:56:29'),
(78, 3, 'sdsds', 1, 1, '2025-04-22 19:56:30'),
(79, 3, 'sds', 0, 1, '2025-04-22 19:56:38'),
(80, 1, 'Hello! Welcome to Theatre Admin Support. How can I help you today?', 0, 1, '2025-04-22 19:58:51'),
(81, 3, 'sds', 0, 1, '2025-04-22 20:00:52'),
(82, 1, 'Hello! Welcome to Theatre Admin Support. How can I help you today?', 0, 1, '2025-04-22 20:00:55'),
(83, 3, 'sds', 1, 1, '2025-04-22 20:01:00'),
(84, 1, 'Hello! Welcome to Theatre Admin Support. How can I help you today?', 0, 1, '2025-04-22 20:02:30'),
(85, 1, 'Hello! Welcome to Theatre Admin Support. How can I help you today?', 0, 1, '2025-04-22 20:03:22'),
(86, 1, 'Hello! Welcome to Theatre Admin Support. How can I help you today?', 0, 1, '2025-04-22 20:04:06'),
(87, 1, 'Hello! Welcome to Theatre Admin Support. How can I help you today?', 0, 1, '2025-04-22 20:04:09'),
(88, 3, 'sds', 1, 1, '2025-04-22 20:04:12'),
(89, 1, 'Hello! Welcome to Theatre Admin Support. How can I help you today?', 0, 1, '2025-04-22 20:04:13'),
(90, 1, 'Hello! Welcome to Theatre Admin Support. How can I help you today?', 0, 1, '2025-04-22 20:04:27'),
(91, 1, 'Hello! Welcome to Theatre Admin Support. How can I help you today?', 0, 1, '2025-04-22 20:04:57'),
(92, 1, 'Hello! Welcome to Theatre Admin Support. How can I help you today?', 0, 1, '2025-04-22 20:05:02'),
(93, 1, 'Hello! Welcome to Theatre Admin Support. How can I help you today?', 0, 1, '2025-04-22 20:05:17'),
(94, 1, 'Hello! Welcome to Theatre Admin Support. How can I help you today?', 0, 1, '2025-04-22 20:05:23'),
(95, 1, 'Hello! Welcome to Theatre Admin Support. How can I help you today?', 0, 1, '2025-04-22 20:05:26'),
(96, 1, 'sdsds', 1, 1, '2025-04-22 20:05:28'),
(97, 1, 'Hello! Welcome to Theatre Admin Support. How can I help you today?', 0, 1, '2025-04-22 20:05:29'),
(98, 1, 'sds', 1, 1, '2025-04-22 20:05:32'),
(99, 1, 'Hello! Welcome to Theatre Admin Support. How can I help you today?', 0, 1, '2025-04-22 20:05:33'),
(100, 1, 'Hello! Welcome to Theatre Admin Support. How can I help you today?', 0, 1, '2025-04-22 20:05:43'),
(101, 1, 'sds', 1, 1, '2025-04-22 20:05:44'),
(102, 1, 'Hello! Welcome to Theatre Admin Support. How can I help you today?', 0, 1, '2025-04-22 20:05:44'),
(103, 1, 'Hello! Welcome to Theatre Admin Support. How can I help you today?', 0, 1, '2025-04-22 20:06:01'),
(104, 1, 'sds', 1, 1, '2025-04-22 20:06:02'),
(105, 1, 'Hello! Welcome to Theatre Admin Support. How can I help you today?', 0, 1, '2025-04-22 20:06:02'),
(106, 1, 'sdsds', 1, 1, '2025-04-22 20:06:04'),
(107, 1, 'Hello! Welcome to Theatre Admin Support. How can I help you today?', 0, 1, '2025-04-22 20:06:05'),
(108, 1, 'Hello! Welcome to Theatre Admin Support. How can I help you today?', 0, 1, '2025-04-22 20:06:47'),
(109, 1, 'sds', 1, 1, '2025-04-22 20:06:49'),
(110, 1, 'Hello! Welcome to Theatre Admin Support. How can I help you today?', 0, 1, '2025-04-22 20:06:49'),
(111, 1, 'Hello! Welcome to Theatre Admin Support. How can I help you today?', 0, 1, '2025-04-22 20:08:01'),
(112, 1, 'sds', 1, 1, '2025-04-22 20:08:02'),
(113, 1, 'Hello! Welcome to Theatre Admin Support. How can I help you today?', 0, 1, '2025-04-22 20:08:03'),
(114, 1, 'sds', 1, 1, '2025-04-22 20:09:26'),
(115, 1, 'Hello! Welcome to Theatre Admin Support. How can I help you today?', 0, 1, '2025-04-22 20:09:27'),
(116, 1, 'Hello! Welcome to Theatre Admin Support. How can I help you today?', 0, 1, '2025-04-22 20:10:11'),
(117, 1, 'Hello! Welcome to Theatre Admin Support. How can I help you today?', 0, 1, '2025-04-22 20:10:19'),
(118, 1, 'Hello! Welcome to Theatre Admin Support. How can I help you today?', 0, 1, '2025-04-22 20:10:20'),
(119, 1, 'sds', 1, 1, '2025-04-22 20:10:26'),
(120, 1, 'Hello! Welcome to Theatre Admin Support. How can I help you today?', 0, 1, '2025-04-22 20:10:44'),
(121, 1, 'Hello! Welcome to Theatre Admin Support. How can I help you today?', 0, 1, '2025-04-22 20:11:25'),
(122, 1, 'sds', 1, 1, '2025-04-22 20:11:30'),
(123, 1, 'Support ... Hello! Welcome to Theatre Admin Support. How can I help you today?', 0, 1, '2025-04-22 20:11:31'),
(124, 1, 'Support ... Hello! Welcome to Theatre Admin Support. How can I help you today?', 0, 1, '2025-04-22 20:14:03'),
(125, 1, 'Support ... sd', 1, 1, '2025-04-22 20:14:06'),
(126, 1, 'Support ... Hello! Welcome to Theatre Admin Support. How can I help you today?', 0, 1, '2025-04-22 20:14:06'),
(127, 1, 'Support ... sds', 1, 1, '2025-04-22 20:14:09'),
(128, 1, 'Support ... Hello! Welcome to Theatre Admin Support. How can I help you today?', 0, 1, '2025-04-22 20:14:10'),
(129, 1, 'Support ... sdsds', 1, 1, '2025-04-22 20:14:11'),
(130, 1, 'Support ... Hello! Welcome to Theatre Admin Support. How can I help you today?', 0, 1, '2025-04-22 20:14:12'),
(131, 1, 'Support ... Hello! Welcome to Theatre Admin Support. How can I help you today?', 0, 1, '2025-04-22 20:14:13'),
(132, 1, 'Support ... Hello! Welcome to Theatre Admin Support. How can I help you today?', 0, 1, '2025-04-22 20:34:55'),
(133, 1, 'Support ... sds', 1, 1, '2025-04-22 20:34:56'),
(134, 1, 'Support ... sds', 1, 1, '2025-04-22 20:34:59'),
(135, 1, 'Support ... sd', 1, 1, '2025-04-22 20:35:01'),
(136, 1, 'Support ... sds', 1, 1, '2025-04-22 20:46:59'),
(137, 1, 'Support ... sdsdasa', 1, 1, '2025-04-22 20:47:03'),
(138, 3, 'sds', 0, 1, '2025-04-22 20:47:28'),
(139, 3, 'sq23', 0, 1, '2025-04-22 20:47:30'),
(140, 1, 'sds', 0, 1, '2025-04-22 20:47:50'),
(141, 1, 'Support ... sdsds', 1, 1, '2025-04-22 20:47:56'),
(142, 1, 'sdsds', 0, 1, '2025-04-22 20:48:08'),
(143, 1, 'Support ... ds', 1, 1, '2025-04-22 20:48:30'),
(144, 1, 'Support ... dsds', 1, 1, '2025-04-22 20:48:32'),
(145, 1, 'Support ... sds', 1, 1, '2025-04-22 20:48:42'),
(146, 1, 'sdsds', 0, 1, '2025-04-22 20:48:56'),
(147, 1, 'sdsds', 0, 1, '2025-04-22 20:48:57'),
(148, 1, 'ds', 0, 1, '2025-04-22 20:48:58'),
(149, 1, 's', 0, 1, '2025-04-22 20:48:58'),
(150, 1, 's', 0, 1, '2025-04-22 20:48:58'),
(151, 1, 's', 0, 1, '2025-04-22 20:48:58'),
(152, 1, 'd', 0, 1, '2025-04-22 20:48:58'),
(153, 1, 'Support ... sds', 1, 1, '2025-04-22 20:49:07'),
(154, 1, 'Support ... sdsds', 1, 1, '2025-04-22 20:51:17'),
(155, 1, 'Support ... sds', 1, 1, '2025-04-22 20:52:46'),
(156, 1, 'sds', 0, 1, '2025-04-22 20:53:13'),
(157, 1, 'dsd', 0, 1, '2025-04-22 20:53:15'),
(158, 1, 'Support ... sds', 1, 1, '2025-04-22 20:53:17'),
(159, 1, 'Support ... sdsds', 1, 1, '2025-04-22 20:53:34'),
(160, 1, 'Support ... ds', 1, 1, '2025-04-22 20:53:36'),
(161, 1, 'sds', 0, 1, '2025-04-22 20:53:46'),
(162, 1, 's', 0, 1, '2025-04-22 20:53:46'),
(163, 1, 's', 0, 1, '2025-04-22 20:53:47'),
(164, 1, 'Support ... sds', 1, 1, '2025-04-22 20:54:17'),
(165, 3, 'sds', 1, 1, '2025-04-22 20:54:27'),
(166, 3, 'sds', 1, 1, '2025-04-22 20:54:28'),
(167, 3, 'dsds', 1, 1, '2025-04-22 20:54:30'),
(168, 3, 'sdsds', 1, 1, '2025-04-22 20:54:36'),
(169, 3, 'sds', 0, 1, '2025-04-22 20:54:48'),
(170, 3, 'sds', 1, 1, '2025-04-22 20:55:41'),
(171, 1, 'Support ... sds', 1, 1, '2025-04-22 20:55:47'),
(172, 1, 'Support ... sds', 1, 1, '2025-04-22 20:55:48'),
(173, 1, 'Support ... sdds', 1, 1, '2025-04-22 20:57:48'),
(174, 1, 'Support ... sds', 1, 1, '2025-04-22 20:57:50'),
(175, 3, 'sds', 1, 1, '2025-04-22 20:58:01'),
(176, 3, '123123123', 1, 1, '2025-04-22 20:58:04'),
(177, 3, 'sds', 1, 1, '2025-04-22 20:58:39'),
(178, 3, '123124', 1, 1, '2025-04-22 20:58:43'),
(179, 3, 'sds', 1, 1, '2025-04-22 21:02:23'),
(180, 3, '234', 1, 1, '2025-04-22 21:02:26'),
(181, 3, '2332', 1, 1, '2025-04-22 21:02:29'),
(182, 3, 's23', 1, 1, '2025-04-22 21:03:47'),
(183, 3, 'sds', 1, 1, '2025-04-22 21:03:55'),
(184, 3, 'Support ... 234', 0, 1, '2025-04-22 21:04:13'),
(185, 3, 'ds', 1, 1, '2025-04-22 21:07:17'),
(186, 3, '123', 1, 1, '2025-04-22 21:07:19'),
(187, 3, '234', 1, 1, '2025-04-22 21:07:38'),
(188, 3, '2323', 1, 1, '2025-04-22 21:07:40'),
(189, 3, 'sds', 1, 1, '2025-04-22 21:09:31'),
(190, 3, '23224', 1, 1, '2025-04-22 21:09:32'),
(191, 3, '23', 0, 1, '2025-04-22 21:09:39'),
(192, 3, '232', 0, 1, '2025-04-22 21:09:41'),
(193, 3, '23442424', 1, 1, '2025-04-22 21:10:11'),
(194, 3, 's23', 1, 1, '2025-04-22 21:10:52'),
(195, 3, '2342', 1, 1, '2025-04-22 21:10:54'),
(196, 3, '123', 1, 1, '2025-04-22 21:18:41'),
(197, 3, 'ewd', 1, 1, '2025-04-22 21:18:43'),
(198, 3, 'sds', 0, 1, '2025-04-22 21:19:06'),
(199, 3, 'sds', 0, 1, '2025-04-22 21:19:07'),
(200, 3, '234', 0, 1, '2025-04-22 21:19:12'),
(201, 3, '234', 1, 1, '2025-04-22 21:19:18'),
(202, 3, '234', 1, 1, '2025-04-22 21:19:28'),
(203, 3, '23', 1, 1, '2025-04-22 21:19:43'),
(204, 3, '232', 1, 1, '2025-04-22 21:19:45'),
(205, 3, 'sds34', 1, 1, '2025-04-22 21:21:33'),
(206, 3, '23', 0, 1, '2025-04-22 21:21:43'),
(207, 3, '232', 0, 1, '2025-04-22 21:21:44'),
(208, 1, 'Support ... 23', 1, 1, '2025-04-22 21:21:51'),
(209, 1, 'Support ... 232', 1, 1, '2025-04-22 21:21:54'),
(210, 3, '23', 1, 1, '2025-04-22 21:22:55'),
(211, 3, 'dsds', 1, 1, '2025-04-22 21:22:57'),
(212, 3, 'sdsds', 1, 1, '2025-04-22 21:22:59'),
(213, 3, 'we', 1, 1, '2025-04-22 21:24:02'),
(214, 3, '23333', 1, 1, '2025-04-22 21:24:04'),
(215, 3, 'wrw', 1, 1, '2025-04-22 21:24:15'),
(216, 3, 'ew', 1, 1, '2025-04-22 21:25:22'),
(217, 3, '23', 1, 1, '2025-04-22 21:28:12'),
(218, 1, 'Support ... ds', 1, 1, '2025-04-22 21:28:16'),
(219, 1, 'Support ... dsdsdsds', 1, 1, '2025-04-22 21:28:18'),
(220, 1, 'sds', 0, 1, '2025-04-22 21:28:39'),
(221, 1, 'Support ... sds', 1, 1, '2025-04-22 21:29:19'),
(222, 1, 'Support ... sd', 1, 1, '2025-04-22 21:29:22'),
(223, 1, 'sds', 0, 1, '2025-04-22 21:29:41'),
(224, 1, 'Support ... sds', 1, 1, '2025-04-22 21:31:37'),
(225, 1, 'Support ... sds', 1, 1, '2025-04-22 21:32:24'),
(226, 3, 'we', 1, 1, '2025-04-22 21:32:31'),
(227, 3, 'ewew', 1, 1, '2025-04-22 21:32:33'),
(228, 3, 'wewew', 1, 1, '2025-04-22 21:32:35'),
(229, 3, 'ewew', 1, 1, '2025-04-22 21:32:37'),
(230, 3, '3w23', 1, 1, '2025-04-22 21:33:30'),
(231, 3, 'SDS', 1, 1, '2025-04-22 21:36:43'),
(232, 3, '34W', 1, 1, '2025-04-22 21:36:46'),
(233, 3, 'sds', 1, 1, '2025-04-22 21:37:12'),
(234, 3, 'sds', 0, 1, '2025-04-22 21:39:54'),
(235, 3, '23', 0, 1, '2025-04-22 21:39:56'),
(236, 3, 'sds', 0, 1, '2025-04-22 21:41:52'),
(237, 3, 'sds', 1, 1, '2025-04-22 21:42:26'),
(238, 3, '23242', 0, 1, '2025-04-22 21:42:30'),
(239, 3, 'sd231', 1, 1, '2025-04-22 21:42:52'),
(240, 3, 'sds', 0, 1, '2025-04-22 21:42:55'),
(241, 3, 'sds', 1, 1, '2025-04-22 21:43:00'),
(242, 3, 'dsds', 1, 1, '2025-04-22 21:43:02'),
(243, 3, 'sds', 1, 1, '2025-04-22 21:43:20'),
(244, 3, 'sdsdsds', 1, 1, '2025-04-22 21:43:25'),
(245, 3, 'sdsds\r\ns\r\nsds', 0, 1, '2025-04-22 21:43:30'),
(246, 1, 'Hello User! How can we help you today?', 0, 1, '2025-04-22 21:43:49'),
(247, 1, 'hello', 1, 1, '2025-04-22 21:43:52'),
(248, 1, 'sd', 0, 1, '2025-04-22 21:44:00'),
(258, 3, 'hello', 1, 1, '2025-04-22 22:17:25'),
(259, 3, 'how are you', 0, 1, '2025-04-22 22:19:24'),
(260, 1, 'wewe', 1, 1, '2025-04-22 23:32:56'),
(261, 1, 'wewew', 0, 1, '2025-04-22 23:33:04'),
(262, 1, '1213', 0, 1, '2025-04-22 23:46:55'),
(263, 1, 'qwqw', 1, 1, '2025-04-22 23:47:00'),
(264, 3, 'j', 1, 1, '2025-04-23 10:48:42'),
(265, 3, 'j', 1, 1, '2025-04-23 10:48:44'),
(266, 3, 'j', 1, 1, '2025-04-23 10:48:44'),
(267, 3, 'k', 1, 1, '2025-04-23 10:48:45'),
(268, 3, 'l', 1, 1, '2025-04-23 10:48:47'),
(269, 3, 'm', 1, 1, '2025-04-23 10:48:48'),
(270, 3, 'm', 1, 1, '2025-04-23 10:48:54'),
(271, 3, 'hello', 1, 1, '2025-04-23 10:50:44'),
(272, 3, 'sdsds', 1, 1, '2025-04-23 10:50:53'),
(273, 3, 'd', 1, 1, '2025-04-23 10:51:00'),
(274, 3, 'dsds', 1, 1, '2025-04-23 10:52:09'),
(275, 3, 'd', 1, 1, '2025-04-23 10:52:13'),
(276, 3, 's', 1, 1, '2025-04-23 10:52:18'),
(277, 3, 'd', 1, 1, '2025-04-23 10:52:20'),
(278, 3, 's', 1, 1, '2025-04-23 10:52:21'),
(279, 3, 'hello how are you', 1, 1, '2025-04-23 10:52:30'),
(280, 3, 's', 1, 1, '2025-04-23 10:53:11'),
(281, 3, 'sds', 1, 1, '2025-04-23 10:53:44'),
(282, 3, 'sdsds', 0, 1, '2025-04-23 10:55:16'),
(283, 3, 'sa', 1, 1, '2025-04-23 10:56:58'),
(284, 1, 'sds', 1, 1, '2025-04-23 10:57:42'),
(285, 1, 'sd', 1, 1, '2025-04-23 11:00:38'),
(286, 1, 'dssds', 1, 1, '2025-04-23 11:00:42'),
(287, 1, 'sds', 1, 1, '2025-04-23 11:01:23'),
(288, 1, 'sds', 1, 1, '2025-04-23 11:02:38'),
(289, 1, 'ere', 1, 1, '2025-04-23 11:02:42'),
(290, 1, 'er', 1, 1, '2025-04-23 11:02:43'),
(291, 1, 'er', 1, 1, '2025-04-23 11:02:47'),
(292, 1, 'tedt1', 1, 1, '2025-04-23 11:02:49'),
(293, 1, 'ds', 1, 1, '2025-04-23 11:02:52'),
(294, 1, 'sds', 1, 1, '2025-04-23 11:03:58'),
(295, 1, 's23', 1, 1, '2025-04-23 11:04:03'),
(296, 1, '3232', 1, 1, '2025-04-23 11:05:04'),
(297, 1, 'ajajsja', 1, 1, '2025-04-23 11:05:12'),
(298, 1, 'asjajsajsa', 1, 1, '2025-04-23 11:05:13'),
(299, 1, 'ajsjaja', 1, 1, '2025-04-23 11:05:14'),
(300, 1, '123123', 1, 1, '2025-04-23 11:05:17'),
(301, 1, 'hello', 0, 1, '2025-04-23 11:05:29'),
(302, 1, '232', 1, 1, '2025-04-23 11:05:32'),
(303, 1, '2323', 1, 1, '2025-04-23 11:05:37'),
(304, 1, 'asasa', 0, 1, '2025-04-23 11:05:40'),
(305, 3, 'sds', 1, 1, '2025-04-23 11:05:58'),
(306, 3, 'sdsds', 1, 1, '2025-04-23 11:06:00'),
(307, 3, 'dsds', 1, 1, '2025-04-23 11:06:01'),
(308, 3, '23', 1, 1, '2025-04-23 11:06:03'),
(309, 3, 'sds', 1, 1, '2025-04-23 11:06:08'),
(310, 3, 'sds', 1, 1, '2025-04-23 11:06:36'),
(311, 3, '232', 1, 1, '2025-04-23 11:06:38'),
(312, 3, '232', 1, 1, '2025-04-23 11:06:46'),
(313, 3, '232', 1, 1, '2025-04-23 11:06:47'),
(314, 3, '43', 1, 1, '2025-04-23 11:06:48'),
(315, 3, '5454', 1, 1, '2025-04-23 11:06:49'),
(316, 3, 'sdsds', 0, 1, '2025-04-23 11:06:55'),
(317, 3, 'ds', 1, 1, '2025-04-23 11:07:00'),
(318, 3, 'sdsds', 1, 1, '2025-04-23 11:07:28'),
(319, 3, 'sds', 1, 1, '2025-04-23 11:07:32'),
(320, 3, 'sds', 0, 1, '2025-04-23 11:07:34'),
(321, 3, 'sdsds', 1, 1, '2025-04-23 11:11:49'),
(322, 1, '343343', 1, 1, '2025-04-23 11:20:44'),
(323, 1, '2dsc', 0, 1, '2025-04-23 11:20:52'),
(324, 3, 'sds', 1, 0, '2025-04-23 11:38:09'),
(325, 3, 'sds', 1, 0, '2025-04-23 11:38:16'),
(326, 3, 'dsds', 1, 0, '2025-04-23 11:38:17'),
(327, 3, '23', 1, 0, '2025-04-23 11:38:18'),
(328, 1, 'sds', 1, 1, '2025-04-23 12:05:04'),
(329, 1, 'dsd', 1, 1, '2025-04-23 12:05:09'),
(330, 1, 'cle', 1, 1, '2025-04-23 12:05:10'),
(331, 1, 'sd', 1, 1, '2025-04-23 12:06:13'),
(332, 1, 'sds', 1, 1, '2025-04-23 12:06:17'),
(333, 1, 'sd', 1, 1, '2025-04-23 12:06:17'),
(334, 1, 'sd', 1, 1, '2025-04-23 12:06:18'),
(335, 1, 's', 1, 1, '2025-04-23 12:06:18'),
(336, 1, 'clear', 1, 1, '2025-04-23 12:06:19'),
(337, 1, 'sds', 1, 1, '2025-04-23 12:06:54'),
(338, 1, '123', 1, 1, '2025-04-23 12:06:59'),
(339, 1, 'sd', 1, 1, '2025-04-23 12:07:48'),
(340, 1, '23232323', 1, 1, '2025-04-23 12:07:54'),
(341, 1, 'sds23', 1, 1, '2025-04-23 12:09:01'),
(342, 1, 'dssds', 1, 1, '2025-04-23 12:09:11'),
(343, 1, 'sdsds', 1, 1, '2025-04-23 12:09:14'),
(344, 1, 'sdss', 1, 1, '2025-04-23 12:10:18'),
(345, 1, '2323', 1, 1, '2025-04-23 12:10:21'),
(346, 1, '232', 1, 1, '2025-04-23 12:10:41'),
(347, 1, 'labne + zaataer', 1, 1, '2025-04-23 12:10:49'),
(348, 1, '123', 1, 1, '2025-04-23 12:10:56'),
(349, 1, '+123', 1, 1, '2025-04-23 12:10:57'),
(350, 1, 'sfs', 1, 1, '2025-04-23 12:10:58'),
(351, 1, '123', 1, 1, '2025-04-23 12:11:08'),
(352, 1, '123', 1, 1, '2025-04-23 12:11:08'),
(353, 1, '321', 1, 1, '2025-04-23 12:11:11'),
(354, 1, '123', 1, 1, '2025-04-23 12:11:11'),
(355, 1, 'labne', 0, 1, '2025-04-23 12:11:17'),
(356, 1, '232', 1, 1, '2025-04-23 12:12:07');


CREATE TABLE `chat_sessions` (
  `id` int UNSIGNED NOT NULL,
  `session_id` varchar(64) NOT NULL,
  `user_id` int UNSIGNED DEFAULT NULL,
  `status` enum('active','closed') DEFAULT 'active',
  `created_at` datetime NOT NULL,
  `updated_at` datetime NOT NULL DEFAULT CURRENT_TIMESTAMP ON UPDATE CURRENT_TIMESTAMP
) ENGINE=InnoDB DEFAULT CHARSET=utf8mb4 ;



INSERT INTO `chat_sessions` (`id`, `session_id`, `user_id`, `status`, `created_at`, `updated_at`) VALUES
(1, 'chat_6807d3e39da200.28848821', 3, 'closed', '2025-04-22 20:37:39', '2025-04-22 22:54:00'),
(2, 'chat_6807d3e94c21e9.30687251', 3, 'closed', '2025-04-22 20:37:45', '2025-04-22 22:53:59'),
(3, 'chat_6807d3f247f595.74704573', 3, 'closed', '2025-04-22 20:37:54', '2025-04-22 22:53:59'),
(4, 'chat_6807d3f450ec10.36945544', 3, 'closed', '2025-04-22 20:37:56', '2025-04-22 22:53:59'),
(5, 'chat_6807d3f684d489.63216629', 3, 'closed', '2025-04-22 20:37:58', '2025-04-22 22:53:58'),
(6, 'chat_6807d772b69904.05240084', 3, 'closed', '2025-04-22 20:52:50', '2025-04-22 22:53:58'),
(7, 'chat_6807d7f4ad4d98.30567324', NULL, 'closed', '2025-04-22 20:55:00', '2025-04-22 22:53:58'),
(8, 'chat_6807d7f5b05736.64665528', NULL, 'closed', '2025-04-22 20:55:01', '2025-04-22 22:53:57'),
(9, 'chat_6807d7f5dd5963.92155073', NULL, 'closed', '2025-04-22 20:55:01', '2025-04-22 22:53:57'),
(10, 'chat_6807d7f615b437.98130733', NULL, 'closed', '2025-04-22 20:55:02', '2025-04-22 22:53:56'),
(11, 'chat_6807d7f63793b2.32087063', NULL, 'closed', '2025-04-22 20:55:02', '2025-04-22 22:53:56'),
(12, 'chat_6807d7f658a730.19180743', NULL, 'closed', '2025-04-22 20:55:02', '2025-04-22 22:53:56'),
(13, 'chat_6807d7f6a2e133.97363496', NULL, 'closed', '2025-04-22 20:55:02', '2025-04-22 22:53:57'),
(14, 'chat_6807d7fcd6d026.74105082', 3, 'closed', '2025-04-22 20:55:08', '2025-04-22 22:53:55'),
(15, 'chat_6807d7fd87fef8.56670828', 3, 'closed', '2025-04-22 20:55:09', '2025-04-22 22:53:55'),
(16, 'chat_6807d7fdc6c458.63484557', 3, 'closed', '2025-04-22 20:55:09', '2025-04-22 22:53:55'),
(17, 'chat_6807d804af3909.29532760', 3, 'closed', '2025-04-22 20:55:16', '2025-04-22 22:53:54'),
(18, 'chat_6807d806960d35.79779702', 3, 'closed', '2025-04-22 20:55:18', '2025-04-22 22:53:46'),
(19, 'chat_6807d8085ba881.51307853', 3, 'closed', '2025-04-22 20:55:20', '2025-04-22 22:53:54'),
(20, 'chat_6807d80d14d085.47076360', 3, 'closed', '2025-04-22 20:55:25', '2025-04-22 22:53:45'),
(21, 'chat_6807d80ec0b111.53482682', 3, 'closed', '2025-04-22 20:55:26', '2025-04-22 22:53:54'),
(22, 'chat_6807d844ca39b6.55512661', 3, 'closed', '2025-04-22 20:56:20', '2025-04-22 22:53:53'),
(23, 'chat_6807d8458f2a47.80124723', 3, 'closed', '2025-04-22 20:56:21', '2025-04-22 22:53:53'),
(24, 'chat_6807d84f685ea3.50831057', 3, 'closed', '2025-04-22 20:56:31', '2025-04-22 22:53:52'),
(25, 'chat_6807d8990f55e7.27395518', 3, 'closed', '2025-04-22 20:57:45', '2025-04-22 22:53:52'),
(26, 'chat_6807d899c35b90.13235135', 3, 'closed', '2025-04-22 20:57:45', '2025-04-22 22:53:52'),
(27, 'chat_6807d8a1e40b77.91701556', 3, 'closed', '2025-04-22 20:57:53', '2025-04-22 22:31:22'),
(28, 'chat_6807d8a4252970.60346720', 3, 'closed', '2025-04-22 20:57:56', '2025-04-22 22:53:52'),
(29, 'chat_6807d9b4b91248.26666511', NULL, 'closed', '2025-04-22 21:02:28', '2025-04-22 22:53:51'),
(30, 'chat_6807dadcb8a418.45008259', NULL, 'closed', '2025-04-22 21:07:24', '2025-04-22 22:53:51'),
(31, 'chat_6807dadd9f9be4.69576960', NULL, 'closed', '2025-04-22 21:07:25', '2025-04-22 22:53:50'),
(32, 'chat_6807daddce22e0.58947575', NULL, 'closed', '2025-04-22 21:07:25', '2025-04-22 22:53:51'),
(33, 'chat_6807db8d2f71d2.06883357', NULL, 'closed', '2025-04-22 21:10:21', '2025-04-22 22:53:50'),
(34, 'chat_6807db916c3f59.50607204', NULL, 'closed', '2025-04-22 21:10:25', '2025-04-22 22:53:49'),
(35, 'chat_6807dc7aafa913.65072797', NULL, 'closed', '2025-04-22 21:14:18', '2025-04-22 22:53:49'),
(36, 'chat_6807dcbf7bb037.09284428', NULL, 'closed', '2025-04-22 21:15:27', '2025-04-22 22:53:49'),
(37, 'chat_6807dcc047dc64.33951572', NULL, 'closed', '2025-04-22 21:15:28', '2025-04-22 22:53:49'),
(38, 'chat_6807dd599bf611.33460307', NULL, 'closed', '2025-04-22 21:18:01', '2025-04-22 22:53:48'),
(39, 'chat_6807dd5a642a95.77125284', NULL, 'closed', '2025-04-22 21:18:02', '2025-04-22 22:53:48'),
(40, 'chat_6807dda523e069.65898901', NULL, 'closed', '2025-04-22 21:19:17', '2025-04-22 22:53:48'),
(41, 'chat_6807ddc9293fc7.90367201', NULL, 'closed', '2025-04-22 21:19:53', '2025-04-22 22:53:48'),
(42, 'chat_6807eb65eaf615.45838203', 3, 'closed', '2025-04-22 22:17:57', '2025-04-22 22:18:00'),
(43, 'chat_6807eb69c9acc0.08467200', 3, 'closed', '2025-04-22 22:18:01', '2025-04-22 22:18:03'),
(44, 'chat_6807eb83b28538.07948402', 3, 'closed', '2025-04-22 22:18:27', '2025-04-22 22:18:28'),
(45, 'chat_6807eb85908ca4.56807581', 3, 'closed', '2025-04-22 22:18:29', '2025-04-22 22:18:29'),
(46, 'chat_6807eb87c2f6a6.65622224', 3, 'closed', '2025-04-22 22:18:31', '2025-04-22 22:18:32'),
(47, 'chat_6807eba88bd702.56386305', 3, 'closed', '2025-04-22 22:19:04', '2025-04-22 22:19:07'),
(48, 'chat_6807ebaca888c1.54362821', 3, 'closed', '2025-04-22 22:19:08', '2025-04-22 22:19:13'),
(49, 'chat_6807ec018d0a44.24688410', 3, 'closed', '2025-04-22 22:20:33', '2025-04-22 22:22:47'),
(50, 'chat_6807ec88875ae3.15944568', 3, 'closed', '2025-04-22 22:22:48', '2025-04-22 22:22:50'),
(51, 'chat_6807ed140e20a4.99400947', 3, 'closed', '2025-04-22 22:25:08', '2025-04-22 22:25:09'),
(52, 'chat_6807ee9c6951f8.60246631', 3, 'closed', '2025-04-22 22:31:40', '2025-04-22 22:31:44'),
(53, 'chat_6807eea1a13ef8.70192926', 3, 'closed', '2025-04-22 22:31:45', '2025-04-22 22:32:38'),
(54, 'chat_6807ef6b3adec5.49836853', 3, 'closed', '2025-04-22 22:35:07', '2025-04-22 22:35:08'),
(55, 'chat_6807ef6d705532.72259667', 3, 'closed', '2025-04-22 22:35:09', '2025-04-22 22:37:32'),
(56, 'chat_6807effd109cd0.48552387', 3, 'closed', '2025-04-22 22:37:33', '2025-04-22 22:37:34'),
(57, 'chat_6807f079d50c54.10879218', 3, 'closed', '2025-04-22 22:39:37', '2025-04-22 22:39:39'),
(58, 'chat_6807f07c2bbe38.26984206', 3, 'closed', '2025-04-22 22:39:40', '2025-04-22 22:39:43'),
(59, 'chat_6807f080140501.37228944', 3, 'closed', '2025-04-22 22:39:44', '2025-04-22 22:39:50'),
(60, 'chat_6807f0876a1e67.28179444', 3, 'closed', '2025-04-22 22:39:51', '2025-04-22 22:40:41'),
(61, 'chat_6807f126dadff9.65611944', 3, 'closed', '2025-04-22 22:42:30', '2025-04-22 22:42:36'),
(62, 'chat_6807f12dc62f57.50816138', 3, 'closed', '2025-04-22 22:42:37', '2025-04-22 22:42:49'),
(63, 'chat_6807f139eb89d2.97516781', 3, 'closed', '2025-04-22 22:42:49', '2025-04-22 22:43:17'),
(64, 'chat_6807f22c6be070.46059500', 3, 'closed', '2025-04-22 22:46:52', '2025-04-22 22:46:56'),
(65, 'chat_6807f231c0b5b4.56211150', 3, 'closed', '2025-04-22 22:46:57', '2025-04-22 22:48:30'),
(66, 'chat_6807f28f2c92c0.91093653', 3, 'closed', '2025-04-22 22:48:31', '2025-04-22 22:50:29'),
(67, 'chat_6807f3060a7426.05560420', 3, 'closed', '2025-04-22 22:50:30', '2025-04-22 22:50:33'),
(68, 'chat_6807f30a3e5226.43243461', 3, 'closed', '2025-04-22 22:50:34', '2025-04-22 22:50:50'),
(69, 'chat_6807f31b515dd5.04887235', 3, 'closed', '2025-04-22 22:50:51', '2025-04-22 22:51:49'),
(70, 'chat_6807f3de0cfde5.13232039', 3, 'closed', '2025-04-22 22:54:06', '2025-04-22 22:56:07'),
(71, 'chat_6807f3df66c479.61869734', 3, 'closed', '2025-04-22 22:54:07', '2025-04-22 22:56:07'),
(72, 'chat_6807f3dfd80976.59366639', 3, 'closed', '2025-04-22 22:54:07', '2025-04-22 22:54:10'),
(73, 'chat_6807f3e36e4ba6.55894958', 3, 'closed', '2025-04-22 22:54:11', '2025-04-22 22:56:06'),
(74, 'chat_6807f3f0aa85d5.46595737', 3, 'closed', '2025-04-22 22:54:24', '2025-04-22 22:56:06'),
(75, 'chat_6807f3f0d8f141.36808469', 3, 'closed', '2025-04-22 22:54:24', '2025-04-22 22:54:56'),
(76, 'chat_6807f4114e7c68.11772642', 3, 'closed', '2025-04-22 22:54:57', '2025-04-22 22:54:58'),
(77, 'chat_6807f413c78762.65232483', 3, 'closed', '2025-04-22 22:54:59', '2025-04-22 22:55:16'),
(78, 'chat_6807f425005638.24662168', 3, 'closed', '2025-04-22 22:55:17', '2025-04-22 22:55:18'),
(79, 'chat_6807f426f35b40.92481273', 3, 'closed', '2025-04-22 22:55:18', '2025-04-22 22:55:19'),
(80, 'chat_6807f44b27d215.01497553', 3, 'closed', '2025-04-22 22:55:55', '2025-04-22 22:55:56'),
(81, 'chat_6807f44da3bf36.88551339', 3, 'closed', '2025-04-22 22:55:57', '2025-04-22 22:56:04'),
(82, 'chat_6807f45b9331a8.21415246', 3, 'closed', '2025-04-22 22:56:11', '2025-04-22 22:56:13'),
(83, 'chat_6807f46d4b8b86.96490056', 3, 'active', '2025-04-22 22:56:29', '2025-04-23 14:38:18'),
(84, 'chat_6807f4faf3dad5.44941384', 3, 'closed', '2025-04-22 22:58:51', '2025-04-22 23:00:54'),
(85, 'chat_6807f5776fb4f4.17672216', 3, 'closed', '2025-04-22 23:00:55', '2025-04-22 23:01:00'),
(86, 'chat_6807f5d691c120.41363170', 3, 'closed', '2025-04-22 23:02:30', '2025-04-22 23:02:32'),
(87, 'chat_6807f60a5d48c2.46458957', 3, 'closed', '2025-04-22 23:03:22', '2025-04-22 23:04:05'),
(88, 'chat_6807f6366cc837.72437853', 3, 'closed', '2025-04-22 23:04:06', '2025-04-22 23:04:08'),
(89, 'chat_6807f6394f46f9.92855399', 3, 'closed', '2025-04-22 23:04:09', '2025-04-22 23:04:12'),
(90, 'chat_6807f63da37763.21547108', 3, 'closed', '2025-04-22 23:04:13', '2025-04-22 23:04:26'),
(91, 'chat_6807f64b49a7f4.10375002', 3, 'closed', '2025-04-22 23:04:27', '2025-04-22 23:04:56'),
(92, 'chat_6807f669785489.46345170', 3, 'closed', '2025-04-22 23:04:57', '2025-04-22 23:04:57'),
(93, 'chat_6807f66ed675d5.81059718', 3, 'closed', '2025-04-22 23:05:02', '2025-04-22 23:05:04'),
(94, 'chat_6807f67da70de8.88826429', 3, 'closed', '2025-04-22 23:05:17', '2025-04-22 23:05:18'),
(95, 'chat_6807f6831e6978.67241655', 1, 'closed', '2025-04-22 23:05:23', '2025-04-22 23:05:26'),
(96, 'chat_6807f686eb14c0.69837928', 1, 'closed', '2025-04-22 23:05:26', '2025-04-22 23:05:28'),
(97, 'chat_6807f68964e8a1.84459557', 1, 'closed', '2025-04-22 23:05:29', '2025-04-22 23:05:32'),
(98, 'chat_6807f68d510c81.24791162', 1, 'closed', '2025-04-22 23:05:33', '2025-04-22 23:05:42'),
(99, 'chat_6807f6970e5cd2.59494920', 1, 'closed', '2025-04-22 23:05:43', '2025-04-22 23:05:44'),
(100, 'chat_6807f698e62793.68858659', 1, 'closed', '2025-04-22 23:05:44', '2025-04-22 23:06:00'),
(101, 'chat_6807f6a9242d63.50545760', 1, 'closed', '2025-04-22 23:06:01', '2025-04-22 23:06:02'),
(102, 'chat_6807f6aad526c1.04565530', 1, 'closed', '2025-04-22 23:06:02', '2025-04-22 23:06:04'),
(103, 'chat_6807f6ad430e00.83201940', 1, 'closed', '2025-04-22 23:06:05', '2025-04-22 23:06:46'),
(104, 'chat_6807f6d71d5316.17722067', 1, 'closed', '2025-04-22 23:06:47', '2025-04-22 23:06:49'),
(105, 'chat_6807f6d9f17343.25699342', 1, 'closed', '2025-04-22 23:06:49', '2025-04-22 23:08:00'),
(106, 'chat_6807f721744926.56311094', 1, 'closed', '2025-04-22 23:08:01', '2025-04-22 23:08:02'),
(107, 'chat_6807f723bcfea5.51718091', 1, 'closed', '2025-04-22 23:08:03', '2025-04-22 23:09:26'),
(108, 'chat_6807f777d771a7.07072008', 1, 'closed', '2025-04-22 23:09:27', '2025-04-22 23:09:34'),
(109, 'chat_6807f7a32ad0c9.64763981', 1, 'closed', '2025-04-22 23:10:11', '2025-04-22 23:10:18'),
(110, 'chat_6807f7ab19c338.33574390', 1, 'closed', '2025-04-22 23:10:19', '2025-04-22 23:10:20'),
(111, 'chat_6807f7ace0bbf1.79256706', 1, 'closed', '2025-04-22 23:10:20', '2025-04-22 23:10:26'),
(112, 'chat_6807f7c48f04e4.70382287', 1, 'closed', '2025-04-22 23:10:44', '2025-04-22 23:11:25'),
(113, 'chat_6807f7ede8aa75.40943252', 1, 'closed', '2025-04-22 23:11:25', '2025-04-22 23:11:30'),
(114, 'chat_6807f7f3047772.65661134', 1, 'closed', '2025-04-22 23:11:31', '2025-04-22 23:14:01'),
(115, 'chat_6807f88b30ac20.99267417', 1, 'closed', '2025-04-22 23:14:03', '2025-04-22 23:14:06'),
(116, 'chat_6807f88ecdf976.33288966', 1, 'closed', '2025-04-22 23:14:06', '2025-04-22 23:14:09'),
(117, 'chat_6807f892005b80.50364417', 1, 'closed', '2025-04-22 23:14:10', '2025-04-22 23:14:11'),
(118, 'chat_6807f894806208.58689189', 1, 'closed', '2025-04-22 23:14:12', '2025-04-22 23:14:13'),
(119, 'chat_6807f895cf49c6.68745683', 1, 'closed', '2025-04-22 23:14:13', '2025-04-22 23:34:53'),
(120, 'chat_6807fd6f3c3c25.37344151', 1, 'closed', '2025-04-22 23:34:55', '2025-04-23 00:37:12'),
(121, 'chat_68080d9560a45', 1, 'active', '2025-04-23 00:43:49', '2025-04-23 15:12:07'),
(122, 'chat_68080db4a1023', NULL, 'active', '2025-04-23 00:44:20', '2025-04-23 00:48:14');



CREATE TABLE `coupons` (
  `id` int UNSIGNED NOT NULL,
  `code` varchar(20) NOT NULL,
  `discount_amount` decimal(10,2) NOT NULL,
  `discount_type` enum('percentage','fixed') NOT NULL,
  `min_purchase` decimal(10,2) DEFAULT '0.00',
  `max_discount` decimal(10,2) DEFAULT NULL,
  `valid_from` date NOT NULL,
  `valid_to` date NOT NULL,
  `times_used` int DEFAULT '0',
  `max_uses` int DEFAULT NULL,
  `is_active` tinyint(1) DEFAULT '1',
  `created_at` timestamp NULL DEFAULT CURRENT_TIMESTAMP
) ENGINE=InnoDB DEFAULT CHARSET=utf8mb4 ;



INSERT INTO `coupons` (`id`, `code`, `discount_amount`, `discount_type`, `min_purchase`, `max_discount`, `valid_from`, `valid_to`, `times_used`, `max_uses`, `is_active`, `created_at`) VALUES
(1, 'sds', 23.00, 'percentage', 23.00, 23.00, '2025-04-22', '2025-05-22', 4, 23, 1, '2025-04-22 17:52:22'),
(2, 'ds', 23.00, 'percentage', 23.00, 23.00, '2025-04-22', '2025-05-22', 0, 23, 1, '2025-04-22 23:25:49');


CREATE TABLE `seats` (
  `id` int UNSIGNED NOT NULL,
  `showtime_id` int UNSIGNED DEFAULT NULL,
  `seat_row` char(1) NOT NULL,
  `seat_number` int NOT NULL,
  `category` enum('Premium','Regular','Economy') DEFAULT 'Regular',
  `is_booked` tinyint(1) DEFAULT '0'
) ENGINE=InnoDB DEFAULT CHARSET=utf8mb4 ;


INSERT INTO `seats` (`id`, `showtime_id`, `seat_row`, `seat_number`, `category`, `is_booked`) VALUES
(1, 1, 'A', 1, 'Premium', 1),
(2, 1, 'A', 2, 'Premium', 1),
(3, 1, 'A', 3, 'Premium', 1),
(4, 1, 'A', 4, 'Premium', 1),
(5, 1, 'A', 5, 'Premium', 1),
(6, 1, 'A', 6, 'Premium', 1),
(7, 1, 'A', 7, 'Premium', 1),
(8, 1, 'A', 8, 'Premium', 0),
(9, 1, 'A', 9, 'Premium', 0),
(10, 1, 'A', 10, 'Premium', 0),
(11, 1, 'B', 1, 'Premium', 0),
(12, 1, 'B', 2, 'Premium', 0),
(13, 1, 'B', 3, 'Premium', 0),
(14, 1, 'B', 4, 'Premium', 0),
(15, 1, 'B', 5, 'Premium', 0),
(16, 1, 'B', 6, 'Premium', 0),
(17, 1, 'B', 7, 'Premium', 0),
(18, 1, 'B', 8, 'Premium', 0),
(19, 1, 'B', 9, 'Premium', 0),
(20, 1, 'B', 10, 'Premium', 0),
(21, 1, 'C', 1, 'Regular', 0),
(22, 1, 'C', 2, 'Regular', 0),
(23, 1, 'C', 3, 'Regular', 0),
(24, 1, 'C', 4, 'Regular', 0),
(25, 1, 'C', 5, 'Regular', 0),
(26, 1, 'C', 6, 'Regular', 0),
(27, 1, 'C', 7, 'Regular', 0),
(28, 1, 'C', 8, 'Regular', 0),
(29, 1, 'C', 9, 'Regular', 0),
(30, 1, 'C', 10, 'Regular', 0),
(31, 1, 'D', 1, 'Regular', 0),
(32, 1, 'D', 2, 'Regular', 0),
(33, 1, 'D', 3, 'Regular', 0),
(34, 1, 'D', 4, 'Regular', 0),
(35, 1, 'D', 5, 'Regular', 0),
(36, 1, 'D', 6, 'Regular', 0),
(37, 1, 'D', 7, 'Regular', 0),
(38, 1, 'D', 8, 'Regular', 0),
(39, 1, 'D', 9, 'Regular', 0),
(40, 1, 'D', 10, 'Regular', 0),
(41, 1, 'E', 1, 'Regular', 0),
(42, 1, 'E', 2, 'Regular', 0),
(43, 1, 'E', 3, 'Regular', 0),
(44, 1, 'E', 4, 'Regular', 0),
(45, 1, 'E', 5, 'Regular', 0),
(46, 1, 'E', 6, 'Regular', 0),
(47, 1, 'E', 7, 'Regular', 0),
(48, 1, 'E', 8, 'Regular', 0),
(49, 1, 'E', 9, 'Regular', 0),
(50, 1, 'E', 10, 'Regular', 0),
(51, 1, 'F', 1, 'Regular', 0),
(52, 1, 'F', 2, 'Regular', 0),
(53, 1, 'F', 3, 'Regular', 0),
(54, 1, 'F', 4, 'Regular', 0),
(55, 1, 'F', 5, 'Regular', 0),
(56, 1, 'F', 6, 'Regular', 0),
(57, 1, 'F', 7, 'Regular', 0),
(58, 1, 'F', 8, 'Regular', 0),
(59, 1, 'F', 9, 'Regular', 0),
(60, 1, 'F', 10, 'Regular', 0),
(61, 1, 'G', 1, 'Economy', 0),
(62, 1, 'G', 2, 'Economy', 0),
(63, 1, 'G', 3, 'Economy', 0),
(64, 1, 'G', 4, 'Economy', 0),
(65, 1, 'G', 5, 'Economy', 0),
(66, 1, 'G', 6, 'Economy', 0),
(67, 1, 'G', 7, 'Economy', 0),
(68, 1, 'G', 8, 'Economy', 0),
(69, 1, 'G', 9, 'Economy', 0),
(70, 1, 'G', 10, 'Economy', 0),
(71, 1, 'H', 1, 'Economy', 0),
(72, 1, 'H', 2, 'Economy', 0),
(73, 1, 'H', 3, 'Economy', 0),
(74, 1, 'H', 4, 'Economy', 0),
(75, 1, 'H', 5, 'Economy', 0),
(76, 1, 'H', 6, 'Economy', 0),
(77, 1, 'H', 7, 'Economy', 0),
(78, 1, 'H', 8, 'Economy', 0),
(79, 1, 'H', 9, 'Economy', 0),
(80, 1, 'H', 10, 'Economy', 0),
(81, 2, 'A', 1, 'Premium', 0),
(82, 2, 'A', 2, 'Premium', 0),
(83, 2, 'A', 3, 'Premium', 1),
(84, 2, 'A', 4, 'Premium', 0),
(85, 2, 'A', 5, 'Premium', 1),
(86, 2, 'A', 6, 'Premium', 1),
(87, 2, 'A', 7, 'Premium', 1),
(88, 2, 'A', 8, 'Premium', 1),
(89, 2, 'A', 9, 'Premium', 1),
(90, 2, 'A', 10, 'Premium', 1),
(91, 2, 'B', 1, 'Premium', 0),
(92, 2, 'B', 2, 'Premium', 0),
(93, 2, 'B', 3, 'Premium', 1),
(94, 2, 'B', 4, 'Premium', 0),
(95, 2, 'B', 5, 'Premium', 0),
(96, 2, 'B', 6, 'Premium', 0),
(97, 2, 'B', 7, 'Premium', 0),
(98, 2, 'B', 8, 'Premium', 0),
(99, 2, 'B', 9, 'Premium', 0),
(100, 2, 'B', 10, 'Premium', 0),
(101, 2, 'C', 1, 'Regular', 0),
(102, 2, 'C', 2, 'Regular', 0),
(103, 2, 'C', 3, 'Regular', 0),
(104, 2, 'C', 4, 'Regular', 0),
(105, 2, 'C', 5, 'Regular', 0),
(106, 2, 'C', 6, 'Regular', 0),
(107, 2, 'C', 7, 'Regular', 0),
(108, 2, 'C', 8, 'Regular', 0),
(109, 2, 'C', 9, 'Regular', 0),
(110, 2, 'C', 10, 'Regular', 0),
(111, 2, 'D', 1, 'Regular', 0),
(112, 2, 'D', 2, 'Regular', 0),
(113, 2, 'D', 3, 'Regular', 0),
(114, 2, 'D', 4, 'Regular', 0),
(115, 2, 'D', 5, 'Regular', 0),
(116, 2, 'D', 6, 'Regular', 0),
(117, 2, 'D', 7, 'Regular', 0),
(118, 2, 'D', 8, 'Regular', 1),
(119, 2, 'D', 9, 'Regular', 0),
(120, 2, 'D', 10, 'Regular', 0),
(121, 2, 'E', 1, 'Regular', 0),
(122, 2, 'E', 2, 'Regular', 0),
(123, 2, 'E', 3, 'Regular', 0),
(124, 2, 'E', 4, 'Regular', 0),
(125, 2, 'E', 5, 'Regular', 0),
(126, 2, 'E', 6, 'Regular', 1),
(127, 2, 'E', 7, 'Regular', 0),
(128, 2, 'E', 8, 'Regular', 1),
(129, 2, 'E', 9, 'Regular', 0),
(130, 2, 'E', 10, 'Regular', 0),
(131, 2, 'F', 1, 'Regular', 0),
(132, 2, 'F', 2, 'Regular', 0),
(133, 2, 'F', 3, 'Regular', 0),
(134, 2, 'F', 4, 'Regular', 0),
(135, 2, 'F', 5, 'Regular', 0),
(136, 2, 'F', 6, 'Regular', 1),
(137, 2, 'F', 7, 'Regular', 0),
(138, 2, 'F', 8, 'Regular', 1),
(139, 2, 'F', 9, 'Regular', 1),
(140, 2, 'F', 10, 'Regular', 0),
(141, 2, 'G', 1, 'Economy', 0),
(142, 2, 'G', 2, 'Economy', 0),
(143, 2, 'G', 3, 'Economy', 0),
(144, 2, 'G', 4, 'Economy', 0),
(145, 2, 'G', 5, 'Economy', 0),
(146, 2, 'G', 6, 'Economy', 0),
(147, 2, 'G', 7, 'Economy', 0),
(148, 2, 'G', 8, 'Economy', 1),
(149, 2, 'G', 9, 'Economy', 0),
(150, 2, 'G', 10, 'Economy', 0),
(151, 2, 'H', 1, 'Economy', 0),
(152, 2, 'H', 2, 'Economy', 0),
(153, 2, 'H', 3, 'Economy', 0),
(154, 2, 'H', 4, 'Economy', 0),
(155, 2, 'H', 5, 'Economy', 0),
(156, 2, 'H', 6, 'Economy', 0),
(157, 2, 'H', 7, 'Economy', 0),
(158, 2, 'H', 8, 'Economy', 1),
(159, 2, 'H', 9, 'Economy', 0),
(160, 2, 'H', 10, 'Economy', 0),
(241, 4, 'A', 1, 'Premium', 0),
(242, 4, 'A', 2, 'Premium', 0),
(243, 4, 'A', 3, 'Premium', 0),
(244, 4, 'A', 4, 'Premium', 0),
(245, 4, 'A', 5, 'Premium', 0),
(246, 4, 'A', 6, 'Premium', 0),
(247, 4, 'A', 7, 'Premium', 0),
(248, 4, 'A', 8, 'Premium', 0),
(249, 4, 'A', 9, 'Premium', 0),
(250, 4, 'A', 10, 'Premium', 0),
(251, 4, 'B', 1, 'Premium', 0),
(252, 4, 'B', 2, 'Premium', 0),
(253, 4, 'B', 3, 'Premium', 0),
(254, 4, 'B', 4, 'Premium', 0),
(255, 4, 'B', 5, 'Premium', 0),
(256, 4, 'B', 6, 'Premium', 0),
(257, 4, 'B', 7, 'Premium', 0),
(258, 4, 'B', 8, 'Premium', 0),
(259, 4, 'B', 9, 'Premium', 0),
(260, 4, 'B', 10, 'Premium', 0),
(261, 4, 'C', 1, 'Regular', 0),
(262, 4, 'C', 2, 'Regular', 0),
(263, 4, 'C', 3, 'Regular', 0),
(264, 4, 'C', 4, 'Regular', 0),
(265, 4, 'C', 5, 'Regular', 0),
(266, 4, 'C', 6, 'Regular', 0),
(267, 4, 'C', 7, 'Regular', 0),
(268, 4, 'C', 8, 'Regular', 0),
(269, 4, 'C', 9, 'Regular', 0),
(270, 4, 'C', 10, 'Regular', 0),
(271, 4, 'D', 1, 'Regular', 0),
(272, 4, 'D', 2, 'Regular', 0),
(273, 4, 'D', 3, 'Regular', 0),
(274, 4, 'D', 4, 'Regular', 0),
(275, 4, 'D', 5, 'Regular', 0),
(276, 4, 'D', 6, 'Regular', 1),
(277, 4, 'D', 7, 'Regular', 0),
(278, 4, 'D', 8, 'Regular', 0),
(279, 4, 'D', 9, 'Regular', 0),
(280, 4, 'D', 10, 'Regular', 0),
(281, 4, 'E', 1, 'Regular', 0),
(282, 4, 'E', 2, 'Regular', 0),
(283, 4, 'E', 3, 'Regular', 0),
(284, 4, 'E', 4, 'Regular', 0),
(285, 4, 'E', 5, 'Regular', 0),
(286, 4, 'E', 6, 'Regular', 1),
(287, 4, 'E', 7, 'Regular', 0),
(288, 4, 'E', 8, 'Regular', 0),
(289, 4, 'E', 9, 'Regular', 0),
(290, 4, 'E', 10, 'Regular', 0),
(291, 4, 'F', 1, 'Regular', 0),
(292, 4, 'F', 2, 'Regular', 0),
(293, 4, 'F', 3, 'Regular', 0),
(294, 4, 'F', 4, 'Regular', 0),
(295, 4, 'F', 5, 'Regular', 0),
(296, 4, 'F', 6, 'Regular', 0),
(297, 4, 'F', 7, 'Regular', 0),
(298, 4, 'F', 8, 'Regular', 0),
(299, 4, 'F', 9, 'Regular', 0),
(300, 4, 'F', 10, 'Regular', 0),
(301, 4, 'G', 1, 'Economy', 0),
(302, 4, 'G', 2, 'Economy', 0),
(303, 4, 'G', 3, 'Economy', 0),
(304, 4, 'G', 4, 'Economy', 0),
(305, 4, 'G', 5, 'Economy', 0),
(306, 4, 'G', 6, 'Economy', 0),
(307, 4, 'G', 7, 'Economy', 0),
(308, 4, 'G', 8, 'Economy', 0),
(309, 4, 'G', 9, 'Economy', 0),
(310, 4, 'G', 10, 'Economy', 0),
(311, 4, 'H', 1, 'Economy', 0),
(312, 4, 'H', 2, 'Economy', 0),
(313, 4, 'H', 3, 'Economy', 0),
(314, 4, 'H', 4, 'Economy', 0),
(315, 4, 'H', 5, 'Economy', 0),
(316, 4, 'H', 6, 'Economy', 0),
(317, 4, 'H', 7, 'Economy', 0),
(318, 4, 'H', 8, 'Economy', 0),
(319, 4, 'H', 9, 'Economy', 0),
(320, 4, 'H', 10, 'Economy', 0);


CREATE TABLE `shows` (
  `id` int UNSIGNED NOT NULL,
  `title` varchar(100) NOT NULL,
  `description` text,
  `duration` int NOT NULL,
  `language` varchar(30) DEFAULT NULL,
  `genre` varchar(30) DEFAULT NULL,
  `age_rating` varchar(5) DEFAULT NULL,
  `image_url` varchar(255) DEFAULT NULL,
  `created_at` timestamp NULL DEFAULT CURRENT_TIMESTAMP
) ENGINE=InnoDB DEFAULT CHARSET=utf8mb4 ;

INSERT INTO `shows` (`id`, `title`, `description`, `duration`, `language`, `genre`, `age_rating`, `image_url`, `created_at`) VALUES
(1, 'sdsd', 'sdsd', 23, '23', '23', 'PG-13', '/uploads/shows/show_1745343324_74a4b1e7eb9d3ea5.png', '2025-04-22 17:35:24'),
(2, 'asa', 'dsd', 23, 'english', 'dds', 'PG-13', '/uploads/shows/show_1745362977_18cff55e8f9459e6.png', '2025-04-22 23:02:57'),
(3, 'ddq', '32232', 12, 'english', '12', 'PG-13', '/uploads/shows/show_1745363009_6027560e5ab043ef.png', '2025-04-22 23:03:29'),
(4, 'wdsdsd', 'sds', 232, '232', '23', 'R', '/uploads/shows/show_1745364364_6b2466600d4374f8.png', '2025-04-22 23:26:04'),
(5, 'dsdsdss', '232', 2323, '23', '232', 'PG', '/uploads/shows/show_1745365474_0b915ec2abe8203b.png', '2025-04-22 23:44:34');



CREATE TABLE `showtimes` (
  `id` int UNSIGNED NOT NULL,
  `show_id` int UNSIGNED DEFAULT NULL,
  `date` date NOT NULL,
  `time` time NOT NULL,
  `hall` varchar(30) NOT NULL,
  `price` decimal(10,2) NOT NULL
) ENGINE=InnoDB DEFAULT CHARSET=utf8mb4 ;



INSERT INTO `showtimes` (`id`, `show_id`, `date`, `time`, `hall`, `price`) VALUES
(1, 1, '2025-05-09', '20:37:00', 'Hall C', 233.00),
(2, 3, '2025-04-27', '14:06:00', 'IMAX', 23.00),
(4, 2, '2025-04-26', '02:47:00', 'IMAX', 32.00);


CREATE TABLE `support_conversations` (
  `id` int UNSIGNED NOT NULL,
  `user_id` int UNSIGNED NOT NULL,
  `subject` varchar(100) NOT NULL,
  `status` enum('open','closed') DEFAULT 'open',
  `created_at` timestamp NULL DEFAULT CURRENT_TIMESTAMP,
  `updated_at` timestamp NULL DEFAULT CURRENT_TIMESTAMP ON UPDATE CURRENT_TIMESTAMP
) ENGINE=InnoDB DEFAULT CHARSET=utf8mb4 ;


CREATE TABLE `support_messages` (
  `id` int UNSIGNED NOT NULL,
  `conversation_id` int UNSIGNED NOT NULL,
  `sender_id` int UNSIGNED NOT NULL,
  `message` text NOT NULL,
  `is_read` tinyint(1) DEFAULT '0',
  `created_at` timestamp NULL DEFAULT CURRENT_TIMESTAMP
) ENGINE=InnoDB DEFAULT CHARSET=utf8mb4 ;



CREATE TABLE `users` (
  `id` int UNSIGNED NOT NULL,
  `username` varchar(30) NOT NULL,
  `password` varchar(255) NOT NULL,
  `email` varchar(50) NOT NULL,
  `full_name` varchar(100) DEFAULT NULL,
  `phone` varchar(15) DEFAULT NULL,
  `address` text,
  `age` int DEFAULT NULL,
  `role` enum('user','admin','staff') DEFAULT 'user',
  `created_at` timestamp NULL DEFAULT CURRENT_TIMESTAMP
) ENGINE=InnoDB DEFAULT CHARSET=utf8mb4 ;


INSERT INTO `users` (`id`, `username`, `password`, `email`, `full_name`, `phone`, `address`, `age`, `role`, `created_at`) VALUES
(1, 'admin', '$2y$10$JF37RJrhKqIDoifBXC4yKO40thromdyWlRrxBp9TDyt/4l6yeYVqu', 'admin@theatre.com', NULL, NULL, NULL, NULL, 'admin', '2025-04-22 17:34:11'),
(2, 'staff', '$2y$10$hlS.RgWDrZitZZTNoy4sXusWgFc5pBbs7AYFE3SSDhFRuoi/85RrG', 'staff@theatre.com', NULL, NULL, NULL, NULL, 'staff', '2025-04-22 17:34:11'),
(3, 'doctor@gmail.com', '$2y$10$CgAOAB8XbH4P8jZrlYG3LeLGqRjeiY5hggXx/Wz7RbH5vkbe7lKdO', 'doctor@gmail.com', NULL, NULL, NULL, NULL, 'user', '2025-04-22 17:37:32'),
(7, 'sds@gmail.com', '$2y$10$AwhYirvvNKugoeLGsKJ7EONIIlpOn8yA9.HufTQ4oqiIbuJPQsSOe', 'sds@gmail.com', NULL, NULL, NULL, NULL, 'user', '2025-04-22 21:59:39'),
(8, 'doct1r@gmail.com', '$2y$10$qpIqjTUakpriqtGM.jv0ue1WOIbzH9WzZYBJe2WsqECDx6T9w8EO2', 'doct1r@gmail.com', NULL, NULL, NULL, NULL, 'user', '2025-04-22 22:11:57'),
(9, 'asa@gmail.com', '$2y$10$gxpAxU8yaJuswmucabeqr.ubvFrhex5C3YGIxz3bxVB98yvHkLegu', 'asa@gmail.com', NULL, NULL, NULL, NULL, 'user', '2025-04-22 23:30:22'),
(12, 'sdsds@gmail.com', '$2y$10$DjhxKEp2lFRemFQ3eqDUWelJlMoUhYzW94MwyDYUqJUVEma7S1cf2', 'sdsds@gmail.com', NULL, NULL, NULL, NULL, 'staff', '2025-04-22 23:45:27'),
(13, 'admin232@gmail.com', '$2y$10$k8oO93Myri3Mynde.yO3jePbNrWrSzk8V41GQ6UKEBuWpF3J9FMze', 'admin232@gmail.com', 'admin232@gmail.com', '81042880', NULL, 23, 'user', '2025-04-23 11:53:41'),
(14, 'nizarturkfor@gmail.com', '$2y$10$DaMZ/yFtOoz1JGF4p4/dBuTI0PiJynyhF2Wny8e9exkHKt2xdlSsu', 'nizarturkfor@gmail.com', 'nizarturkfor@gmail.com', '70657943', 'nizarturkfor@gmail.com', 23, 'user', '2025-04-23 11:56:25'),
(15, 'asasa@gmail.com', '$2y$10$qXs6NktmD9yoW5NGr9UIR.qNkgELvPPgHUXyU3mILcupU2JO6m0vO', 'asasa@gmail.com', NULL, NULL, NULL, NULL, 'user', '2025-04-23 12:04:00');


ALTER TABLE `bookings`
  ADD PRIMARY KEY (`id`),
  ADD KEY `user_id` (`user_id`),
  ADD KEY `showtime_id` (`showtime_id`);


ALTER TABLE `booking_coupons`
  ADD PRIMARY KEY (`id`),
  ADD KEY `booking_id` (`booking_id`),
  ADD KEY `coupon_id` (`coupon_id`);


ALTER TABLE `booking_details`
  ADD PRIMARY KEY (`id`),
  ADD KEY `booking_id` (`booking_id`),
  ADD KEY `seat_id` (`seat_id`);


ALTER TABLE `chat_messages`
  ADD PRIMARY KEY (`id`),
  ADD KEY `user_id` (`user_id`);


ALTER TABLE `chat_sessions`
  ADD PRIMARY KEY (`id`),
  ADD UNIQUE KEY `session_id` (`session_id`),
  ADD KEY `user_id` (`user_id`);


ALTER TABLE `coupons`
  ADD PRIMARY KEY (`id`),
  ADD UNIQUE KEY `code` (`code`);


ALTER TABLE `seats`
  ADD PRIMARY KEY (`id`),
  ADD UNIQUE KEY `showtime_id` (`showtime_id`,`seat_row`,`seat_number`);


ALTER TABLE `shows`
  ADD PRIMARY KEY (`id`);

ALTER TABLE `showtimes`
  ADD PRIMARY KEY (`id`),
  ADD KEY `show_id` (`show_id`);


ALTER TABLE `support_conversations`
  ADD PRIMARY KEY (`id`),
  ADD KEY `user_id` (`user_id`);


ALTER TABLE `support_messages`
  ADD PRIMARY KEY (`id`),
  ADD KEY `conversation_id` (`conversation_id`),
  ADD KEY `sender_id` (`sender_id`);

ALTER TABLE `users`
  ADD PRIMARY KEY (`id`),
  ADD UNIQUE KEY `username` (`username`);


ALTER TABLE `bookings`
  MODIFY `id` int UNSIGNED NOT NULL AUTO_INCREMENT, AUTO_INCREMENT=27;


ALTER TABLE `booking_coupons`
  MODIFY `id` int UNSIGNED NOT NULL AUTO_INCREMENT, AUTO_INCREMENT=5;

ALTER TABLE `booking_details`
  MODIFY `id` int UNSIGNED NOT NULL AUTO_INCREMENT, AUTO_INCREMENT=51;


ALTER TABLE `chat_messages`
  MODIFY `id` int UNSIGNED NOT NULL AUTO_INCREMENT, AUTO_INCREMENT=357;


ALTER TABLE `chat_sessions`
  MODIFY `id` int UNSIGNED NOT NULL AUTO_INCREMENT, AUTO_INCREMENT=123;


ALTER TABLE `coupons`
  MODIFY `id` int UNSIGNED NOT NULL AUTO_INCREMENT, AUTO_INCREMENT=3;


ALTER TABLE `seats`
  MODIFY `id` int UNSIGNED NOT NULL AUTO_INCREMENT, AUTO_INCREMENT=321;


ALTER TABLE `shows`
  MODIFY `id` int UNSIGNED NOT NULL AUTO_INCREMENT, AUTO_INCREMENT=6;


ALTER TABLE `showtimes`
  MODIFY `id` int UNSIGNED NOT NULL AUTO_INCREMENT, AUTO_INCREMENT=5;


ALTER TABLE `support_conversations`
  MODIFY `id` int UNSIGNED NOT NULL AUTO_INCREMENT;


ALTER TABLE `support_messages`
  MODIFY `id` int UNSIGNED NOT NULL AUTO_INCREMENT;


ALTER TABLE `users`
  MODIFY `id` int UNSIGNED NOT NULL AUTO_INCREMENT, AUTO_INCREMENT=16;

ALTER TABLE `bookings`
  ADD CONSTRAINT `bookings_ibfk_1` FOREIGN KEY (`user_id`) REFERENCES `users` (`id`) ON DELETE CASCADE,
  ADD CONSTRAINT `bookings_ibfk_2` FOREIGN KEY (`showtime_id`) REFERENCES `showtimes` (`id`) ON DELETE CASCADE;


ALTER TABLE `booking_coupons`
  ADD CONSTRAINT `booking_coupons_ibfk_1` FOREIGN KEY (`booking_id`) REFERENCES `bookings` (`id`) ON DELETE CASCADE,
  ADD CONSTRAINT `booking_coupons_ibfk_2` FOREIGN KEY (`coupon_id`) REFERENCES `coupons` (`id`) ON DELETE CASCADE;



ALTER TABLE `booking_details`
  ADD CONSTRAINT `booking_details_ibfk_1` FOREIGN KEY (`booking_id`) REFERENCES `bookings` (`id`) ON DELETE CASCADE,
  ADD CONSTRAINT `booking_details_ibfk_2` FOREIGN KEY (`seat_id`) REFERENCES `seats` (`id`) ON DELETE CASCADE;


ALTER TABLE `chat_messages`
  ADD CONSTRAINT `chat_messages_ibfk_1` FOREIGN KEY (`user_id`) REFERENCES `users` (`id`) ON DELETE CASCADE;

ALTER TABLE `chat_sessions`
  ADD CONSTRAINT `chat_sessions_ibfk_1` FOREIGN KEY (`user_id`) REFERENCES `users` (`id`) ON DELETE SET NULL;


ALTER TABLE `seats`
  ADD CONSTRAINT `seats_ibfk_1` FOREIGN KEY (`showtime_id`) REFERENCES `showtimes` (`id`) ON DELETE CASCADE;


ALTER TABLE `showtimes`
  ADD CONSTRAINT `showtimes_ibfk_1` FOREIGN KEY (`show_id`) REFERENCES `shows` (`id`) ON DELETE CASCADE;


ALTER TABLE `support_conversations`
  ADD CONSTRAINT `support_conversations_ibfk_1` FOREIGN KEY (`user_id`) REFERENCES `users` (`id`) ON DELETE CASCADE;


ALTER TABLE `support_messages`
  ADD CONSTRAINT `support_messages_ibfk_1` FOREIGN KEY (`conversation_id`) REFERENCES `support_conversations` (`id`) ON DELETE CASCADE,
  ADD CONSTRAINT `support_messages_ibfk_2` FOREIGN KEY (`sender_id`) REFERENCES `users` (`id`) ON DELETE CASCADE;
COMMIT;